sentiment,comment
-1,makannya segentong buset
-1,mirip ursula di little mermaid
-1,stylenya dia tuh gmn sik??
-1,Beli alat gym aja kak
-1,dari mulutnya udh bisa bikin orang gulung tikar??????
-1,"zar, gaada kepikiran mau pakai behel ??"
-1,Hama Tiktok
-1,mandi minimal
-1,bedehhh damage nya ga ada
-1,Kue Koncol
-1,mandi g sih?
-1,kok jadi gitu cokk mata nya
-1,bayu menolak mandi
-1,jerawat lu ajh bang warna'in biar ga ketauan hahah
-1,Gagal keren
-1,minimal ga jerawatan dek
-1,bayu terlihat tidak di urus
-1,kejelekan maszeh
-1,KU KIRA MUKA TERNYATA AMPELA
-1,phobia bayu
-1,Less Bathing Bay
-1,suaranya bengekk??
-1,Anjirr ??
-1,Un
-1,pasangan norakkk
-1,Pasamgan paling ngeselin
-1,ngeliat mukanya aja udah gedeg
-1,orang suka pamer..alay sok kaya wooy
-1,lumayan okb dan norak ????
-1,orang NORAK tuh.. dr awal gw ga pernah follow nih org
-1,gak usah di masukin berita yang ke gini mahh sombong nya ke lebihan so banget sih jadi orang??
-1,Songong banget muka nya
-1,Tim gak suka pasangan ini si cewek sok manja banget euuhh??
-1,Lesti malu maluin
-1,"pantes badan nya gede, makan uang orang"
-1,di tasyi bawa badan sendiri aja susah bang apa LG bawa belanjan ??
-1,Tasyi ternyata redflag juga ya
-1,Boroknya segede gaban. ??
-1,buli dong masak ngak??
-1,Selebgram kere??
-1,YouTubers elit gaji sulit??????
-1,Si Tasyi Pikmi
-1,Jelas dicintai wkwk
-1,Tidak ada perilaku pada guru yang hebat
-1,Keturunan majikan Yaman Loes Boy hahahha
-1,dasar drama kontol
-1,@tasyiiathasyia lawakk
-1,Npd gk sih klw gt
-1,Akulah si princes gendut
-1,Bongsor ke ??
-1,Sakit untuk menjadi
-1,bukti nyata NPD yang bisa diliat seluruh warga indonesiaaa ????
-1,si paling korban ya Tasyi lah
-1,Gua takutnya tasyi punya penyakit npd itu loh ..
-1,ternyata suami nya redflag wkwk
-1,Si playing victim plus manipulatif abis
-1,MANUSIA RED FLAG!
-1,Kibinyikin Bicit
-1,Katakan Sirsula
-1,ursulan yang satu ini emang beda
-1,agak laen memang si tasyi ini
-1,SGT red flag dan harus dijauhi
-1,mungkin elo kenapan sama orang prindavan gak ci?
-1,KAMPUNGAN
-1,YG TERAKHIR MIRIP URSULA ??????
-1,sakit sih tasyi itu ??
-1,jatohnya norak kak beli barang branded tapi kaya murahan
-1,malu ga si bang @Ibnu Wardani si paling tau jepang ?????????? baru mau kejepang udah bikin malu wkwkwkwkw
-1,Lebayyyyyy dasarrr alay
-1,cocok banget sm istrinya. sama2 halu
-1,Alay emang
-1,bacot banget
-1,"belum juga kesana tp pemikiran sama lingkup negara nya gtt, norak bet blm jga berangkat bgg"
-1,bacot
-1,norak
-1,"Sok ""an lu??"
-1,bct
-1,menipu
-1,Cowo paling alay lebay se antero selebgram WKWKW NGAKAK
-1,#VALUE!
-1,sotoy amat bang
-1,Ibnuu ibnuu kebelet validasi
-1,ibnu sok tau????
-1,masnya butuh pengakuan kalo dia kaya ??
-1,agak norak kyknya baru pertama kali ke jepang wkwk
-1,udah sok tau salah pula @Ibnu Wardani ????
-1,malu2in sihh ????
-1,pembodohan Publik
-1,Terlalu lebih kelebihan itu pemalu ??
-1,maksudnya nyoret2 apaan dah sok berilmu
-1,"malesin lamak2 ya liat @Ibnu Wardani mcam doi aja yg punya uang, org kagak!...gw biasa liburan k Eropa aja B aja...kalau mau bbagi info yg positif aja"
-1,komuk nya dia udah menunjukkan lagi menghaluuu??????
-1,aduuh jng tinggi2 apa klo ngomong..mksdnya apa si ngomongin ginian???perasaan BKN baru dya yg pergi kejepang..noraaakkk??????
-1,"Bukan flexing, NORAK. ????????????"
-1,bikin malu
-1,dasar konntol
-1,kerjaaa kont
-1,paling gak bisa kalau soal musang
-1,Bersyukur atas isinya
-1,hhhh anak kampung
-1,Antikristus
-1,nggak ada otak
-1,dasar miskin
-1,minimal cuci muka
-1,Itam Bangett Muka Lu
-1,Pragos
-1,merinding pas ingat dia jadi Wednesday
-1,Dia hidup di dunia imajiner ya
-1,@chaiza: Yang terbaik dari yang terbaik
-1,@muhammad hanif: lucu juga ni mascot dufan
-1,@Zonatoko: Miss Nrocos Tasyi
-1,@Nabilatisyaa: Kibinyikin Bicit
-1,@Mpelss: b.c.t??
-1,@Tokyo_: kibinyikin bicit
-1,@ASAHAB_KILAB: Peelr
-1,@apaya: ratu kesalahan
-1,@FANS JENNIE KIM: lucu sekali beruang inj
-1,kocak induk bengkok
-1,@gasendra: kebanyakan bocotcotcot
-1,@lotuye: repot bat banana boat
-1,@pasyi: B A C O T
-1,@lol??: “Itu gak sok itu bener” kentut
-1,@teletabies: PickMe
-1,@Ariigatoo: Mandi minimal !!!
-1,@panpan: paling g bisa kalo soal musang
-1,@queennix??: kok mirip prindapan
-1,@udaraTerbuka: mon maap sejak kapan bright bibirny maju
-1,@Milan X6 Absen 1: paling ga bisa klo soal babi
-1,@?????: paling ga bisa tentang ular kawat ??
-1,@saya ultraman: paling ga bisa soal ulet keket
-1,@panggil aja pesuk: paling ga bisa kalo soal biawak batam ??
-1,@Miji: Paling ga bisa soal kutu air??
-1,@ikiii: gabisa kalo tentang tikus sawah??
-1,@cilukbaa: paling gbsa kalo soal lele
-1,Bisakah kamu menjadi akhir?
-1,dih mukanya
-1,paling gak bisa klo soal cicak kesetrum
-1,PALING GABISA SOAL KOLIBRI??
-1,Paling gabisa kalo soal opet
-1,paling gabisa kalau soal ac rusak??
-1,pas wink merinding ??
-1,kirain org prindapan
-1,merinding wir
-1,prestasi pas ????
-1,Ajig bahkan diracuni
-1,Merindzink bingung
-1,Jangan lupa mandi
-1,bayu rada rada
-1,kasian sm tembok nya tahan napas wkwk????
-1,senyuma lu mirip logo Arsenal
-1,pling ga bs klo soal kambing
-1,gabisa klo soal leak
-1,"logo bukan sembarang logo, mantap meriam london"
-1,Hama Tiktok
-1,paling gabisa soal jentik nyamuk
-1,rubah
-1,manyunan kematian
-1,semangad apa yg di katakan hatters itu BENAR
-1,gak pernah mandi dari kecil
-1,Bayu menolak mandi??
-1,kaya grafik pembunuhan yang di brazil gess
-1,target marketing nya squad berak lancar
-1,Kentut Poh Kah?
-1,paling ga bisa soal Buzz Lightyear??????
-1,Alisnya tasyi tinggi sebelah
-1,komuk suaminya ajir lah??
-1,"maju lo semua yang bilang tasyi mirip Buzz, gua kan skrg tiap liat tasyi jadi bayangin Buzz"
-1,kok mirip yg robot di film toy story
-1,Pondok
-1,Iyaiya Buzzzz
-1,paling gabisa kalo soal soflens relaxa
-1,alisnya tinggi sebelah
-1,sama sama buzz
-1,Info merusak ketakutan
-1,yukk hesteg#hujatjeje#
-1,Therapo
-1,Jealorely
-1,senyum logo arsenal berkah
-1,logo arsenal versi hijab
-1,senyum logo arsenal wk
-1,gw kelangkaan senyumnya njir??
-1,kue anj ??
-1,hai gitar pik
-1,Taruhan tajem adalah dagu
-1,Lesung pipi yg bikin org darah tinggi
-1,Logo Mirip Dakar
-1,uda mirip logo persita
-1,bener kata orang-orang emang mirip logo arsenal
-1,Mirip falak
-1,valak versi indo
-1,busett itu dagu panjang bener wkwkw
-1,lu malah mirip hatori
-1,Jadi salah ????
-1,anak kmpng
-1,malah couspley jadi valak
-1,Jadi Valak??
-1,mirip petrik
-1,pickboy??
-1,mirip isis
-1,mirm The sulap
-1,Cape gw liat senyum mu bg
-1,kebanyakan olahraga muka ampe jadi logo arsenal
-1,eh ketemu lagi sama jok spedah
-1,Congore adalah masalahnya
-1,makin hari makin menjadi jadi logo Arsenal yang satu ini
-1,"logo Arsenal, jok sepeda, ketelan risol.. semua udh di alami"
-1,komat kamit mulut mbah sopy
-1,merinding liat mukanyaaaa
-1,mangap mangap aja sop
-1,"Ini bukan hari Rabu, ini adalah malam suro??"
-1,Takut mata -yang menyatu ? Takut hidung ?
-1,hidung wednesday gak ngembang gitu??
-1,ini wednesday versi rabu pahing??
-1,idungnya.. ????
-1,Rabu kliwon mba haha ??maap
-1,sopy selalu buat gue merinding ??
-1,kayanya cocok sm si logo arsenal
-1,Wajah kue kontol Anda
-1,dasar gilaaa
-1,aneh bgt anjir si bayu
-1,bodoh BGT bg gemes liatnya sok ngarti
-1,muka lu kayak keset welcome bang
-1,ga usah senyum bang jadi mules liatnya
-1,dia yang senyum gw yg takut
-1,merinding liat mukanya
-1,perawatan kek geli liatnya
-1,Seperti tapir wkwkwkww
-1,jiir geli bgt liatnya
-1,mbak mbakkk dasar drama
-1,Bendera merah bgt si tasii ih :(
-1,TASYI ANEHH??
-1,bayu aneh bgt anjir
-1,APASIH LO TASYIIII GAJELAS BGT HAHAHAHAHAH
-1,Hedonnya sangat oke
-1,Manusia haus validasi wakakakkaa??
-1,gimmick kocakkkk
-1,Riya Bgt Dihh
-1,Nungs Bacot Ready
-1,Outfitnya mengapa ....... wkwwkwkwk
-1,Dihh Keren Lo ?? Jijay Banjay
-1,wkwkq riyaaaa ih si ibu????
-1,apasih gajeee jelek
-1,Ngakakkk Bodoh Bat Behaviorny
-1,cinta gadis haha
-1,mbak mbak.. cantik sih tp bulunya lebat kek cowo??
-1,kok mukanya aneh?
-1,biasa main dikali.. sekalinya main ke kota jadi norak dia
-1,"bang gw saranin lu pindah mars aja, malu2 in negara"
-1,orang kyk gini cocoknya jadi umpan buaya
-1,buset itu bibirnye jontor
-1,orang modelan gini beban negara
-1,tolong kim jong un rekrut dia jadi warga negara lu.. beban hahaha
-1,emaknya malu punya anak kayak dia
-1,badan nya mirip sapi
-1,aduh ga bisa bgt liat gaya nya.. norak
-1,wkwkw idungnya ngeselin bgt ya
-1,dia pikir dia paling cantik padahal hanyalah ampas
-1,Ini adalah pemborosan masyarakat
-1,kelakuannya tolol bgt anj
-1,minimal punya otak dek
-1,si tolol bukannya mikir
-1,bang otak lu segede sendok nyam nyam ya?
-1,pls lah minimal mikir jadi orang
-1,Perilaku lu di luar pria sehat sehat
-1,si anj punya otak kg dipake wkwk
-1,duit doang banyak tp gaya lu kyk orang kampung
-1,wkwkw udik bgt ya dia
-1,si tolol ada aja kelakuannya
-1,BGT LU
-1,minimal tidak
-1,idiot lu
-1,apasih bego
-1,kamu anjing mengatakan org
-1,enih orang tolol bin idiot dah gak layak jadi manusia
-1,jgn sok kecakepan mba banyak yg jauh lebih cakepgk sok cakep kyk situ xixixix????
-1,Eh sudah terlambat untuk melarang Kempes
-1,kaka2NYA cakep kok adeNYA kayak... sudahlah no komen
-1,giginya kuning...
-1,pasang behel mba jd ga jigongan...
-1,narsis bgt haha geli dikit??????
-1,apasi goblok ngomong yg jelas dek
-1,sampah masyarakat wkwkw
-1,tong kosong nyaring bunyinya.. alias lu tolol bgt sih
-1,orang kyk gini cocoknya dikurbanin aja guys
-1,bang ntr pas idul adha jgn keluar ye takut ketuker sama sapi wkwk
-1,otak lu udh dijual di rm padang ya?
-1,ni orang pas pembagian otak kayanya absen
-1,dua tiga tutup botol.. gajelas lu kontol
-1,muka nya mirip setan momo ga sih?
-1,ngeliat mukanya keinget setan momo yg dulu viral
-1,cakep bgt sampe mules liat muka mba nya
-1,serem bgt jerawat nya
-1,gapapa gaes.. yg penting abg nya pede dulu punya otak atau engga belakangan
-1,gw jadi pacar mba nya malu sih jalan sama modelan begini
-1,mereka definisi beauty and the beast
-1,mba nya ko mau sama cowo burik ya?
-1,minimal kalo cowo u jelek liat dompetnya mba.. ini udh burik trs miskin awokwokw
-1,mas nya blm mandi setahun kah
-1,gblk matanya juling jlk BAT ANJ
-1,sikat gigi dlu bgg baru bikin tiktok.. jorok
-1,minimal sikat dulu tuh JIGONG ????
-1,eh lu klw mw ngebuli minimal spek nabi dulu bos muka kayak spombob aja belagu KOCAK
-1,hahahahhahahahaah bau jigong
-1,daki nya.. maaf2 nih pen muntah??
-1,kyak kcebong awokwoaoa
-1,ampunn minimal disikat tuh daki ?? gua beliin sabun dah sini dm alamatna
-1,gajah kok pede pos video joget
-1,setan ajaga se buriq mas nya sepertinya..........
-1,Selalu menggali lw awokwowkwok
-1,Eh diem lui tidak melakukannya USA iKt ikuti woo
-1,mbak diet dong
-1,kakak gendutan ya
-1,gak cocok lu joget mirip kurcaci cabang bojong kulur
-1,balik2 belang wkw jadi itam??
-1,setiap liat mukanya saya esmosi kenapa ya heran
-1,lobang idungnya gede bgt
-1,eh kk kurusann jadikyak triplek??
-1,kurus banget coyy aneh ups
-1,Sedikit dari kakgendutin jelas merupakan cantekkk
-1,Canti aih si kaka tetapi tidak memiliki Bothis???
-1,ko k cantik an ygdulu co sekarang krempeng????
-1,Brooooooooooo kok jd begini mukae
-1,prihatin lihat badan nya pasti setreslihat koemntar
-1,keteknya itam tu
-1,maap nih mb pcarnya kok mau sm yang gendats
-1,keti na dibersihjn kak sbeelom joget??
-1,mba behelnya yang kw yah
-1,bikin ngakak liat model behelnya
-1,behel murahan
-1,itu giginya pake kawat pager ya mba?
-1,baru kali ini liat behel yang modelnya jelek bgt
-1,Caper Bgt MBA
-1,cewe caper berhayal disapa sama kaum halo dek
-1,ohkaka kurusin sdikit pasti pas
-1,gembrot ih diet napa diet
-1,paling ga bisa soal GEMBROT
-1,paling gk bissaa soal tapir????
-1,baru kali ini liat tengkorak berjalan hahah makan dong mbak
-1,eh babi terlambat
-1,SI paling mirip babi asal jan babi negpet aja ya upss
-1,Kampseupay Loe
-1,Siapppppp si paling okb????
-1,diemin aja pasangan okb lagi khilaf
-1,jangan sok suci bang belagu amat
-1,norak lo jelek
-1,gigi behelin dulu cok
-1,Cooooookkkkkkkk jiji kelelawar sesuatu nah terbuka malem2 godaan2
-1,Sejauh banyak babi babi wkwkwkwkwkwkwkww
-1,mirip babi sih bener awkowwokwowkokwo
-1,tas chanell KW tuh xixixixiixixixix
-1,Bangke mengkumpulkan kembali kocakkkkk palsu
-1,maluuuuuu2IN ih kemaren aja sombong sok kaya??????
-1,mending beli barang..sesuai gaji... kalau gak mampu.. gak usah........... jadi malu sendiri...
-1,bangga amat beli tas KW woi.. jangan2 bajunya juga LG harus di cek ini
-1,mukanya kotak ngakak dikit maaf bg
-1,baru sadar mukanya.. wkwkw
-1,kotak banget TUH muka
-1,definisi sampah masyarakat beginian masa diposting????
-1,ada yang kotak tapi bukan adu2
-1,aduduuuuuuuhh mas mirip kartun aduduu
-1,PALING GAK BISA SOAL ADUDU
-1,yang satu mirip arsenal satu lagi adudu.. ragam kali yak??
-1,Brother Bald meminta kotorannya
-1,udah botak kotak lagi MAAP YA INI MAH MAAPPPPPP
-1,bang stop ngaca kita tau muka abang kotak kok
-1,Bang telah malu dengan lingkungan itu
-1,pasangan gigi korenganwakakakkakakaka
-1,"gemukan kakaknya,,"
-1,begah ga ta bawa badan?sini tak bantu
-1,salfok SM tompel
-1,tompelmuu mengalihkan pandanganku tsayy kaget begete
-1,cantik tapi bertompel kek nenek gua wkwk
-1,Tompel keluar dari iyuuuhh
-1,cantik sih tapi BERTOMPEL kan agak2 gimana yah
-1,mba nya gapapa kah...? jangan2 otewe operasi tompel??
-1,eh tompelny 3d kocak juga WKWK
-1,Tompel sakti .. tertawa gw yaallah netizen ada di sana
-1,pantesan orang indo iqnya rendah2 kelakuannya bgini... langsung terbukti
-1,lebih rendah untuk tolol gratis gratis
-1,sibego mending lu diem
-1,eh
-1,ih korengan..
-1,eh kocak mending lu pulang dcariin mak noh
-1,"Diam, Anda sendirian di Kok"
-1,giginy keren kek gergaji
-1,Cina Smlehoy
-1,sebelm mangap di sikat dulu kale
-1,Larii ada gajah montox
-1,kya liat pertujukan di kebon binatang
-1,mas lu bukannya keren malah norak
-1,bg lu klo jelek jan full2 bentuk wkkwkwkw
-1,stop buli abngnya.. bercanda hahahah
-1,mau muntah liatnya
-1,Mengejutkan wajahnya
-1,Krik bertaruh Bang Sumoah
-1,itu bibir keceduk apa
-1,idungna miring
-1,bang lu cakep kok.. kalo diliat dari inti bumi????
-1,Lucu
-1,30 lepas ama kandang minus rada sedeng dikit
-1,Taburkan org daun aj
-1,Yang Benci Ibnu Impor Kaki
-1,lebay bet kocag
-1,Ngeless Teroooo
-1,si duta klarifikasi lewat ??
-1,Anjj Face Nya Kaya Mo ... ??
-1,ini uda termasuk cyber bullying loh bro *ketawa dikit
-1,Sangat kejam sebagai mantra 7
-1,mau mkn jdi kgk ada nafsu
-1,Manyun gak bikin lu ganteng
-1,nah ini nih yg beneran harus dishare ke grup jual beli musang
-1,permukaan kasar di bagian kasar
-1,bayu menolak sadar
-1,open donasi buat beli kaca
-1,"BARU BUKA UDAH ADA MUKA DIA, GAJADI DAH UNMOOD"
-1,cocok nih buat yang lagi diet kalo mau makan langsung tonton ini aja 100% nafsu makan hilang
-1,tekstur muka nya kek tembok nya ga si?? eh maap
-1,"PD bisa, tapi jangan berlebihan"
-1,Kucing saya sudah mati saat ini
-1,koreng kok di muka
-1,paansi martabak kacang
-1,buset itu ketombe banyak bet
-1,cuma mau bilang 1 kata aja bang MANDI!
-1,mandi dulu gak si sebeluk but vidio
-1,cuci muka deh setidaknya kalo mau hikin VT
-1,Jan Deket2 Anj
-1,kek plesteran dpn rmh gua
-1,"kalo ngetik dibenerin bos, muka sama ketikan sama sama gajelas"
-1,"jan deket""tuh jigong bau nya kek ta*"
-1,Ko Cave dari Kingki Dia Ngmpng ????
-1,gue lagi makan anjir jadi kaga nafsu liat muka bayu
-1,siapa yang cita' nya mau ngebacok bayu?
-1,cocok di gebukin warga
-1,mandi bang
-1,Terlalu halaman
-1,lobang idung ngga sinkron itu
-1,bacot sia
-1,manyun nya jgn sembarangan mas
-1,siapa yg cita2 nya gebugin Bayu.
-1,Jngn Manyun
-1,Lu kayanya ga pernah mandi yaa itu ketombe banyak bet
-1,buset anak ngen
-1,Jika Anda membuat banyak manyun mas mas nyun
-1,Benerin Dulu tu muka lu Anj Kesel gua
-1,Ketombe Lu Noh
-1,bro mandi bro
-1,jan dekat2 bang geli
-1,Mon maap jigong nya Ampe sini baunya??
-1,Mandi kamar mandi
-1,terakhir mandi kapan bang?
-1,mandi bang ketombe dah banyak itu
-1,pen nampollll
-1,Batuk tidak ada lagi TU
-1,Ketombe kok di muka
-1,mandi lu tong dih
-1,Apakah itu tatap muka jatuhnya Meteor?
-1,didiemin malah jadi naga
-1,lu ngapain cok
-1,gajadi dijual musangnya udh lepas dri kandang
-1,lu ga di ajak
-1,iPhone pun gk sanggup merubahnya
-1,udh gayanya met?
-1,mon maap sejak kapan bright bibirny maju
-1,"gaada mirip mirip nya, mirip popo iya"
-1,paling ga bisa kalo liat babi
-1,Diet Dong Tasyi
-1,bopengny urusin napa
1,manusia kocak ini nih
1,"Lewat pas ""houuuuuu"""
1,jngn jadi badut bng??
1,gelap bgt kek abis maghrib
1,kukira efek ternyata beneran
1,kukira bisa jadi cakep ternyata sama ajaa
1,"pede dulu,glow upnya belakangan"
1,udah aku share ke grup jual beli ikan piranha kak
1,Saya mendapat tanda di awal ampse terlambat. SUMPAAHMHH ENGG
1,kocak lu
1,ngomongnya cpt bgt anjr
1,"Turunan arab rata"" gtu????"
1,Emang Arab agak laen
1,??ocket
1,Emang problematik punya bos ....... Isi sendiri
1,kontrol
1,ya begitulah kalo kita bekerja sama orang arab atau keturunan timur tengah
1,arab? ga heran
1,yaaahh bos Arab ??????????
1,arab yg sangat gokil
1,mau heran turunan arab ??
1,"subur ya bun makan enak terus, tp karyawannya mkn indomie bae"
1,Shir
1,"cantik"" tpi kok....."
1,Wajah Arab ???????????????
1,Arab emang agak lain.. tanya aja TKI arab saudi ?? udah tabiat
1,masalah
1,Red flag emang
1,Baju elit gaji sulit
1,Selalu manipulatif
1,Bendera merah
1,Banyak Betarrrr
1,"Oh, inilah tanahnya di langit?"
1,Definisi Narcisistic Personality Disorder??
1,"emg klihatan si dri tekstur wajah, sikap. tekstur berbicaranya??"
1,Ngeri banget tasyi?????? kaget banget
1,yang paling sakral dan tidak diwarnai
1,juunkcokkkkkkkkkkkkkkkkkkkkkkkkkkkkkkkkkkkkkkkkkkkkkkkkkkkkkkkkk
1,HAHAHAHHA MALU BANGET
1,"apapun makannya, minumnya tetep ludah sendiri ??????"
1,kesalahan ceroboh
1,Temukan Redflag
1,Redflag Bgt
1,TP Riya TP Red Flag ??
1,Redflag asli
1,dia wibuu??
1,Seperti datok siti nurhaliza beb
1,Lagi main artis²an ya??
1,lu bisa diem ga?
1,cakep lu?
1,ngab itu muka jerawat bukan? kalo jerawat gua kasih tips buat ngilanginnya??
1,itu mukanya knpa
1,gapapa ga ganteng yang penting pede ekan
1,Baymax
1,yg paling anti banged minta maaf??
1,cape syi cape
1,bendera merah bgt :(
1,Tasyi Kocaaak????
1,tasyi kocak
1,APASIH LO TASYIIII??
1,apaan bngt si tasyi
1,hedon banget
1,beli hermes anak buah dikasih makan mie instan sungguh dermawan sekali??
1,Manusia validasi??
1,belanja elit bayar gaji sulit
1,tipuan
1,Ria
1,dia kenapa sih??
1,Siap
1,gue gapaham dr dulu fashion style dia kyk gmna wkwkwk
1,Dihh Keren Bangedd
1,Riyaaaaaaaaaacy
1,apasih ibuuu
1,Ngakankkk
1,barang branded pun terlihat lurang value nya ini mah
1,Hisab adalah saudara perempuannya
1,"semenjak ada masalahnya dia jdi sllu ""dia yg krjain ni? smpe beres?"""
1,wkwk ngakak liat video nya
1,Helehhh
1,Pray for karyawan
1,udah ah gak percaya ama tasyi??
1,Pentingnya peradaban juga sis
1,tasyi kenapa sih
1,ngerusak sabtu pagi ku
1,Idihhh
1,ingat kita gaboleh menghina ya teman teman
1,Takut
1,Sangat banyak horor anjr
1,Gua Itsgrar
1,Kaget co
1,merinding
1,Sayang
1,suaranya emang gtuh ya
1,Apa itu Yak?
1,PLIS merusak ara
1,yang membenci Ibn
1,lebay si
1,ngelesnya bisa bgt tolong ??
1,perempuan ini sangat kocak ya
1,dia melakukan itu biar dilihat orang wahhh sultan bgt itu menurut dia padahal org lain ngelihatnya loe TEGA bgt
1,gak punya hati dah
1,Duta klarifikasi ??
1,Kelakuannya tasyi bener bener ke spill semua anjrit
1,"buset, kaget"
1,Kagettt Jujurr
1,udh keliatan sbnrnya bisa diliat dr gaya bicaranya wkw
1,otw jadi ustadzah trus klarifikasi
1,Uda terlihat dari wajahnya
1,ga pernah ngefans??
1,yg tertutup blm tentu baik
1,Tidak ada seorang pun ??????
1,serius? ga nyangka
1,orang kaya mah gitu??
1,kasian pegawainya
1,Untuk mendapatkan tumpahan pabrik panjang semua air mata
1,dia kan emg orkay dari dulu jdi ga ada rasa2 pernah jdi org bawah atau kekurangan keknya
1,KATANYA SEDANG DI POSISI GAYA ELIT EKONOMI SULIT
1,Nasi sisa dia di kasih ke anak buahnya
1,Dia siapa
1,Emang siapa sih dia
1,bntr lagi klarifikasi 6 jam durasi
1,duitnya buat nambahin koleksi hermes nya??
1,katanya suaminya ngerti agama..????
1,gak heran sama cewee
1,Wong Tasyi dengan buzzer
1,"klarifikasi make ayat"" pasti??"
1,ga sebanding sm konten klo belanja wahh bayar gaji syulit ??
1,Gakenal
1,dia siapa si?
1,skrg orgnya ga nongol apa lagi bikin konten klarifikasi ya?
1,Cuakszz
1,pdhl hedon nya pol??
1,ini sih parahh
1,Parah
1,"ga kenal, siapa si"
1,agak laen emng dia
1,tendangan
1,Pokoknya paling kocak dah si artis ini ????
1,ga aneh sih
1,memang yah gk smua yg diliat di sosmed itu sama dgn realita
1,"mau komen, tp takut ??"
1,Awalnya gue suka dia...ehh makin kesini makin kesanah
1,"Kaga kenal, pentingkah berita ini?"
1,namanya juga orang kaya
1,agak lain emang??
1,Saya lelucon !!
1,si paling pemilik kunci surga ??
1,Cukup tau aja si
1,Sapa sih ??
1,waduh
1,Araaaaab
1,anak muda
1,Kontloo
1,Karma
1,hmmm
1,Chuaksss
1,kardashian family cabang indo
1,tinggal tunggu vidio klarifikasinya yg berpart² dan penuh dg hadis²nya wkwk
1,berlagak seperti korban?
1,ibu ratu tdk prnh salah gess??
1,anjay
1,Agak Laen emng orangnya
1,lamalama kasian tau ih
1,kurus cantik kaya berbie bgt si Tasya
1,dia jaga nama baik nya sendiri wkwk
1,Emang agak2 pasangan suami istri itu
1,alergi minta maaf
1,"lo pada sadar gasih, tuhan lg nunjukin tabiat aslinya dan suaminya ??"
1,wkwkwk
1,Aku adalah salah satu korban kesedihan tasyi waktu itu wkwk
1,dia sama ricis sama aja
1,GWS TASYI
1,ibaratnya kalo dia nabrak pintu pintunya yg hrus minta maaf ??
1,emang paling bener adab di atas ilmu
1,si perfexionis .. ??
1,Para pria itu sama ??
1,"make hadist nya sesuai mood, sitkon dan kebutuhan mereka"
1,dengernya kok gw jd ngang ngong ngang ngong sih??
1,Aku kok bingung ya
1,ngakak ????
1,terlalu berlebihan juga tidak baik kan?
1,tp kalo main ma sirkelnya pulangnya ampe subuh gimana tuch? ??
1,terserah lo dah mo ngomong apah??
1,Cape sangat
1,Pembicaraan berlanjut ..
1,Hanya tertawa ??
1,bergaris
1,Ngakak pol
1,Terserah lo deh
1,Bantal Guling ??
1,pinter ngomong????
1,"iye iyeee, maapin kita yg fakir ilmu ini ye tuan putri Tasyi ??"
1,standar ganda wkwkwk
1,Cukup Laen
1,Banyak kali ceritany
1,Bgt??????
1,kocak club
1,karma yang sebenarnya
1,sakit banget!!
1,Anjirr Tatut Bgt SM Rak Bos dan BU Bus: ((
1,gak menyangka gw
1,caur wkwkw
1,Astaghfirullah ??
1,Di luar nurul
1,Anak laki -laki itu
1,Yaalha parahh sii
1,terus gue harus bilang woooww gitu...putri sanggup biayai kuliahx sendiri....klo udah tenar aja baru deh
1,PAS naik untuk meminta pengampunan
1,dikata yg bisa kejepang die doang kali ya jdi warga konoha di boongin iye2 aje wkwk
1,Itu mah di taksi palsu
1,kok ga malu ya?
1,yg baru ke jepang vs yg dah hidup tahunan di jepang. Nitizen harap maklum ??????
1,bang lu nyebut shinkansen aj salah bang
1,belagu
1,Biasanya okb
1,iyaaa Ibnu adalah satu satunya mahluk yang pernah pergi ke jepang??
1,"Dia nggk salah, yg dia maksud kalo pintu nya di copot"
1,jangan hujat dia wahai warga +62. mungkin sodara kita ini tumben ke jepang. biasanya beliau naik kopaja kalo kemana mana
1,Maruk
1,ke jepangnya transit ke eropa dulu sama ke amrik.
1,aq pura2 bego aja ngedengerin yaaa??
1,ngawur....
1,itu Sopirnya Kunci dari dalam Pintu nya jadi tukang buka Nya harus make linggis makanya mahal
1,"Dimana mana kalau dijepang, kemana mana mah pake kereta api, gada yg pake taxi????"
1,supir di jepang : apaan anjrit kaga semahal itu ege
1,kebiasaan ngomong tinggi ke tetangga...... kebawa2 ke sosmed.... dikira dia org sosmed ngga ada yg tau Jepang
1,Cukup atur di sana??
1,munkin pintu nya di copot [smile][happy]
1,pantesan org Jepang suka jln kaki??
1,bwa ke polsek
1,geger??
1,"aneh bgt blm prnh kesana dan blm berangkat bisa2 nya udh spil ini itu, baru kali ini tau liat org kek gitu"
1,Di antara dia melenturkan/ menipu orang di sana wk
1,KLO NGK BNR KN MALU BNG .... KLO NGK |
1,"Efeknya kaya di negara orang lain, Eem Yodahla"
1,paling ditipu
1,wajar aja jodoh itu emng cerminan diri gw fikir pendiem inget waktu istrinya dihujat karena gamau disamasamain kya att. maunya kya gigi?? diserang dah
1,"simpel aja, dia butuh pengakuan"
1,dia ini siapa ? sumpah bru tau gua dia ada konten
1,"susah si pemikiran mindset orang susah sama Ibnu itu beda jauh,"
1,mungkin dia di tipu wkwkwk
1,boong. basket aku Uda tau
1,"itu 1,4 gara² pintunya di bawa pulang"
1,AKWKWKW kasian anjer definisi bikin trik marketing tapi malah bablas eh jadi dibuli satu indo dia. Kgak tau org indo tangannya lemes diinet ya??
1,?? Pintunya dibawa pulang
1,"gimana mau maju,warganya aja permasalin hal yang gak ngerugiin orang lain,dan malahan kena hujat"
1,"ngawur,,,, pernah naik taksi krn kemaleman dr stasiun, habis 4000 an yen. dibagi ber empat."
1,mungkin dia buka pintu taksi sampe lepas
1,ya di buka gak di tutup lagi pas jalan kena trotoar ganti rugi dah????
1,di kira nya cm dia yg bisa ke Jepang ????
1,maka harus wow gituibnu ibn housewh??????
1,baru kali ini liat konter kreator sampe detail bngt di jumlah nya ditulis kaya dia yang baru pernah ke jepang ajaa??
1,buset gaji magang gue dijepang aja 13 jt an keatas.. klo gtu gue ngumpulin bwt beli motor sendiri aja sekalian..
1,Bayangin ada orang jepang buat kebalikan masalah taksi indo juga. Pasti distich kemenparekraf. Tapi orang jepang ga mungkin ngelakuin itu si ??
1,seharusnya klo belum tau betul jelasnya jangan di bikin konten bang .. mendingan buat konten nya kalo udh dr jepang baru ceritaa kan malu sendiri kan
1,udah jangan di hujat dia udah minta maaf kok
1,"kaya sih kaya tapi pamer nya gagitu juga, miss informasi."
1,dasar generasi bangsa
1,Putra Pak Haji
1,kalo smpek putus kasihan yang nerusin??
1,"dlu kaget bnget lihat becaa pake bju ini,eh skrang mah udah ga kaget stelah lihat Vidio nya??"
1,kita berdoa sj smoga anak cucu dan keluarga kita dijauhkn dr hal2 yg tdk baik
1,g mau komen liat aja ah??
1,"yg penting mah bulan madu dulu,,nikahnya ntar aja kalo inget??"
1,"Komentar dipenuhi dengan orang yang sempurna, dan tidak memalukan,"
1,Jaga dirimu ... kita tidak pandai padanya ..
1,"kta nie pn nmpk bagus karena Tuhan harus mengurus aib, cukup untuk tidak menemukan kesalahan lain, fokus pada peningkatan diri ??"
1,sesudah kejadian ??
1,Tpi ini video lamaaaaaaaaaaaaaayy
1,leih baik nikah kluu udh cocok??
1,"pacarnya mgkin bisa terima, tp mertua nya ?? ??"
1,kebanyakan artis kalo pacaran udah pergi liburan berdua ??
1,cantik kak becca
1,Viral 48 dt
1,lihat calon menantu Bu haji hem
1,Baju becca kaya bawah mukena gw
1,ngak faham gue
1,dress nya mirip rok mukena anakku??
1,aku juga pengen beli baju kek gitu....????
1,aku cuma fokus ke dapur nya??
1,Pro
1,Saya seorang rapo bagaimana ... untuk ... sebenarnya ... ??
1,saya akan menyimpan videonya sampai gw tua ??
1,tidak tau apa² ygy Armor nya pergi mna
1,hadeh??????
1,kirain mereka udah suami istriii ??
1,Pengukuran Luchu
1,ini yg itu
1,ohh
1,bukan pacaran lg kayaknya . klo yg aku liat sprti pengantin baru sih saking rukunnya??
1,ai mirip banget sm gala
1,Dia cantik bgt ??
1,Layanan Lengkap ??????
1,pasangan serasi
1,kita sudah
1,beca mancing tuuuu
1,suhu
1,"sudah pasti,??"
1,video resesi
1,penganten baru ??
1,nyimak ae..g akan ngehujat krn q jg pnya anak cewek...
1,mungkinkah anak pak haji masih polos ????
1,Komentar Hakim Akhir Hakim adalah segalanya
1,Putra Tuan Haji adalah ziarah ... ??
1,Udah gak penasaran lagii ??
1,"bntar LG baju becca seperti ini banyak di live,aku langsung ke keranjang kuning ?? suka bget"
1,Aduk ????
1,Tak Pham Doh
1,cantik
1,waah waah para nitizen yg sempurnna????????
1,JD DK KEKOT SYMONE MB KITO @ ???? @KataBANGBAJYang
1,Kita tidak harus lebih baik darinya ... manusia terendah adalah diri kita sendiri.
1,dah ga aneh model bgnian ??????
1,Salam Flks Kak
1,10 minggu
1,kasian pak haji faisal
1,NGK tahu
1,Ya Alllah
1,akar ginseng itu harganya mahal loh
1,lain kali di perpanjang vidionya??
1,mirip nana mirdad
1,Viral kk tu
1,"cuek blh dgn cara pacaran anak , tapi tetp hrz d jalur yg benar ..."
1,kasihan bapaknya Rebecca
1,Kesabaran Tuan Haji ..
1,37detik
1,Berita Fit
1,bayangin dulu kalau aku yang begitu belum nikah .. kayaknya mulut tetanggaku sekarang udah muter 180 derajat
1,baju nya Rebecca Kya sarung mukena aku
1,lebih seru baca komen drpd liat vidionya??????
1,namanya aja tik tok suka2 mereka aja deh
1,suhu ????????
1,Yg tau info
1,Duuhhh duhh... sarung mukena itu yaa
1,gamungkin gapernah????
1,mana pinter lagi??
1,@@ D ini saya
1,yg di grup wa ya
1,info
1,Amazon ??
1,artis mah pacaran liburan bareng tapi diijinin ya sama ortunya
1,Mereka berdua dan Tuhan tahu
1,Tidak ada komen deh ??
1,mau heran tp mrk artis
1,cantik ??
1,itu menakutkan
1,baju dinas??????
1,pasangan dunia akhirat kata fansnya
1,"doa yang baik"" ajah.. smoga Allah jaga anak cucu kita dari hal"" yg tidak baik"
1,Dia mengatakan putra Pak Haji
1,perwakilan.. ????
1,rebecca itu pemain film mermaid ga sii
1,bergabung
1,mampir bang
1,Kehidupan di ibukota semua publik dan orang -orang pro tahu bahwa dia sudah cukup dan Tuhan tahu kebenarannya??????
1,ini pakaian saya depan suami??
1,orang tua nya udah haji ni kan.
1,emng rebecca siapa si?
1,Bodok
1,semoga khusnul khotimah
1,motor hilang di tagih bank ??
1,banyakan komennya
1,"""tuk tuk tuk permisi tagihan hutang bank anda""??"
1,"gimana kirim singanya , org singa hewan buas"
1,motor elit bank sulit??
1,semoga cepet sembuh
1,Unnellah
1,Ya Tuhan sedang menyembuhkan orang ini
1,streesss
1,langsung TF aja kebeliu
1,Hutang elite motor Syulit????????
1,Sepeda motor mana yang bang ????????
1,janji ga di kejar bank??
1,"Amit ""Hahahaa"
1,bekerja
1,Yaelah
1,idaman polsek
1,anjir gua kira sultan beneran ??????
1,motor elite rumah sulit cuaksss
1,motor elit rumah sulit
1,Jangan jatuh cinta anjing cinta anjing
1,mawar pun ga akan kasih apalagi singa bang??
1,Maaf Mas Ngkang mengirimkan apa
1,Mari Berdoalah untuk Penyembuhan Cepat ??
1,Macanny yang sama
1,Raja Singa??
1,Singad2 ??????
1,Raja Singa????
1,???????? Singa Bang ini
1,"udah minta, Request lagii:v"
1,?????????? ???? ????
1,Syukurlah atas hadiahnya
1,Cinta singa
1,Ra Takon
1,"Beneran mau Singa, nanti saya kirimkan Singa dari Taman Safari."
1,Anak Banteng
1,mengirim:??
1,udah bang ????????
1,emang agak laen ni orang
1,Pekerjaan kerja mmk
1,Pemutusan
1,berobat
1,ASU
1,dia bukan tekwondo to tapi taiwondo????????
1,maaf ini nular ga ya? soalnya ada adek yg masih kecil dirumah????
1,kak maap gejala awalnya apa kok bisa gini
1,Bae ah??
1,KOREA Taekwondo??????
1,itu bukan kelas nya??
1,letoy??
1,taekwondo saat latihan:??saat praktek:??
1,Seasa Ling vs Paquito
1,si taikondo bingung mau lawan dengan jurus apalagi??musuhnya ttp santuy
1,"semua beladiri TERGANTUNG ORANGNYA..bukan jurusnya,bukan perguruanya,bukan gurunya,bukan padepokanya..??????"
1,cuma main kaki ya kalah to..
1,kaya ya kasian si putih
1,24 jam belajar taekwondo
1,??????gudu juara karate Iki .tapi juara karambol
1,jelas muaythai lah
1,"beda kelas broww,,,muangtai lebih terlatih , apalagi bagian kaki"" atlet muangthai kayak besi brow??"
1,Taekwando??????
1,Dhlah mempermalukan gw ini
1,teakowndo lawan muaythai ??????
1,alasan muaythai jadi counter terbaik taekwondo menurut analisa gua
1,"jadi kasihan lawannya, sama bapak taekwondo??"
1,yg muangthai ketemu Deny aprisani seimbang kayaknya
1,Comple adalah ??????????
1,agak laen memang si tasyi ini
1,semua akan tidak sesuai dengan omongan pada masa lalunya ??
1,"@Bubu ??: iye iyeee, maapin kita yg fakir ilmu ini ye tuan putri Tasyi ??"
1,@by.Nengshaa: hukum flexing kekayaan se hedon mungkin gimana ya ??
1,@Inzhagi Potret Anant: stres
1,@.: Ini anak saya
1,@Warung queenby: tahik??
1,@Pogo Kemon: Yaayaaa ahli surga paling
1,@Din Rahmah: Lelucon
1,@Canc3rr_ ????: sebagian besar teori ilupnye ??????
1,@David: Eek baby
1,@Sabil Karim: shower berpakaian
1,@Talithaaa.cntk: Tasyi Si yang selalu kalah
1,@Honeymoon??: anj??
1,@Cigsaftereat: senyum terbanyak
1,@wgwgwg: Bayu anj
1,@human: merinding
1,#VALUE!
1,@xvyk: stres
1,@user y: malah jadi abu
1,@Dhomz: lebih ke rubah
1,@ggibr4n_: tupai sumatra
1,@ore baka: mirip gambar gua yg sapu lidi bay
1,kerusakan nya coyyy .... gada
1,sebelum nganggur harus gaya dulu
1,abis kerjaaaaa kuliiii leher pada pegel belek
1,cosplay jadi Kasino warkop hehe
1,emang boleh se merinding inii..
1,selengekan
1,emang boleh se merinding ini??????
1,Jadi Pak Tarno????
1,merinding
1,merinding gua??
1,merinding ??????
1,Merindink
1,merinding ampe kucing sebelah gw kaget
1,merinding
1,semangat bg lu sendirian kok
1,WKWK Uang Tua
1,supir bang?
1,Ini adalah MAH LCD
1,#VALUE!
1,yg manggil langsung trauma
1,emang bole semerinding ini yak
1,BISA AJA GOOGLE DRIVE
1,demi allah ga boong takut banget
1,Lah Widow APH
1,Pekerjaan minimal Bay memiliki uang untuk membuat Glowup
1,m3m3g
1,Kerusakan Nya ..... Gaada
1,aku beda karna aneh
1,gue beda karna gue gila
1,gua aneh karna gua gila ??????????????
1,ada doa merinding gak sih????
1,waduh hp gue jdi pecah
1,"Reflec berikutnya ""ih"""
1,paling gk bisa soal salah bantal??????
1,Old money tapi masih pedro sama coach becanda abangnya nih??
1,"Tasyi emang ga bayar buzzer ,tapi suaminya yg bayar mwehehe??"
1,kocak lu tasyi??
1,duta klarifikasi
1,itu alis ngapa anjir ??
1,abang di belakang kayak backing vocal
1,Nunggu yg di belakang tiba2 nyanyi “fiesta chicken nugget”
1,Kodamnya tumben kalem
1,Buzz Lightyear Makeup
1,Bucky Planga Plongangoo
1,Si paling klarifkasi
1,Yang Mulia Qatuuu??
1,buzzernya disuruh komen kalem
1,alisnya??
1,"jauh anjir, ibarat yg 1 udh nyampe mars, yg satu lagi masih ngarit"
1,idola cewekkkk vs botak terkuat di bumi.. all in botak
1,MaMaH AKu TaKuT????
1,jadi kaya tukang bangunan bang
1,senyumanmu bikin kebutuhan pokok naik bang
1,Kaya ninja hatori
1,mirip ragill
1,"
kok bisa ya nyawanya betah"
1,malah mirip joko kendil
1,Weiip for'un njirrr
1,Abu Jahal
1,@??:Tim setia laba-laba sunda
1,@Monkey D Dragon:pantes helcurt di ban moonton
1,@Orang Susah:senyam senyum lu kira Iklan pepsoden
1,@ela: Nabi yang serba guna Adam??
1,@RE IPPO:Sigit rendang: pengendali makhluk gaib
1,sarimin
1,aura jokernya mulai keluar nih
1,lu gnteng klo gak senyum
1,Apakah kamu bercanda?
1,Adudu Bocaah
1,Keinget Wednesday ? malam satu suro ?
1,wednesday ketika gen bapakny dapat semua
1,aku nahan takut sop??
1,jumat kliwon ini mah
1,Jatuhnya kayak nahan kedip kak drpd nahan tawa ??
1,Harap kembalikan Adul
1,Vibesnya napa kaya suketi sih anjir ??
1,Rabu ??Doomsday ??
1,Rabu?? Satu malam suro??
1,"enid ? 
Udin ?"
1,gw cuman keliatan idungnya woii??????
1,kasian drum nya trauma
1,merinding gw ??
1,gprnh gagal bikin bingung
1,demi allah merinding anjjir
1,@???????????????: Ini sedikit berbeda
1,anjing bgt
1,tai wkwkwkwkw
1,Wkwkwkwkw
1,idih.. zizik wkw
1,kok bisa ya..
1,bang mukanya bisa ditutupin stiker aja ga?
1,astaga mba malu diliat tetangga auratnya dijaga!!!!!
1,kerudungan tp jipon kyk ga diajarin LOLL
1,mb maaf jigongnya keliatan
1,udah kasian bjirrr pen ikut buli tp komenny bgni semua ??
1,Jangan lupa sa banyak takehhh healgash
1,gendutan?
1,bang udah bangggggggg mending balik ke kampung inget orangtua..
1,beliin abangnya samskrin guys
1,ketiaknya.......
1,behel nya warna warni ges bikin salfok
1,kirain ada cabe nyangkut di giginya taunyaa wkwkw
1,mba nya berharap dilirik isilop
1,Dia adalah cara saya hanya knir
1,Narsissssssssssss
1,pede dulu mandi belakangan ya mas
1,mas mas bikin geleng2kepala
1,emang mirip ternyata
1,Kasia Ajg Tas Nya KW Dubuli Sexagat Tiktok Wakkaka
1,kalo gakbisa beli ori gausah beli yang KW mbak yang mampu22 aja ........ info ajaniwkeeke
1,mbak gimana rasanya dibuli setiktok? aman???
1,nitip dong mbak tas nya beli dimana ahahahahahah
1,mendingan gua beli tas no merk drpd ketawan beli branded fake????
1,baru liat orang mukanya se kotak iniiiii
1,kurusan kakak ni jadi canti
1,beratnya nambah ya..?? jadi imut
1,Robek imut tidak diapus dengan
1,ketikan orang jahat banget kakaknya cantik baget padhal
1,baru liat cew bertompel 3d
1,mba pasti cantik kalw tompelnya diilangin percaya deh
1,tompelnya 3D keren sih jyujur
1,duit mbanya banyak kok pasti mampu lah oprasi tompel
1,itu tahi lalat.. ?kok gede BGT.. hati2 MBA takutnya kanker mendingan di cek deh
1,neti ketikanna jahat tapi kayakanya harus cek beneran takt bahaya lohhhh
1,nah kan abis oprasi TOMPEL langsung cantikk kk mirip berbi
1,eh iya pangling lihat k2nya
1,Toppel ajaibnya menghilang ... sangat menyedihkan
1,ada yang besar tapi bukan bola akwwkaw
1,ada yg tegak tapi bukan keadilan??
1,di sm yuk merah .........
1,sini duet sm sy kaa
1,ADUHH MBAA
1,Pidato gwe cok
1,dekkk dekkk belajar dlu sono ky tante2
1,Eh bociil jgn o wakwkw bagus
1,bocilll jaman skrg ga punya adab yhh kok bisa'
1,bocil bukan sembarang bocil wkwoekwoekwoekwo
1,make UP gw aja kalah SM bocil..
1,Eh kok gt ya .. ytta????
1,dasar cina
1,gw cukup heran knp mba nya mau sm si klimis??
1,Rambutnya sangat klinik
1,GPP gaes doi kan paling beda DR YG lain
1,agak laen ni org mw ngalahin cepmek
1,Bang Lu Knp
1,cok mau muntah anjg
1,mual jujur
1,MUAL BANG CUKUP
1,gak lucu
1,krik bgt anjir
1,cantikcok kaksnya
1,kalo suka bilang bang ??
1,Yanto dan Fig
1,kalo bilang suka bang
1,tanggung jawab apa pun
1,orang yang tertawa untuk dosa
1,EMNG EEK EMNG
1,sadar diri itu penting
1,yang ganteng selalu menang
1,percaya diri memang penting tapi sadar diri lebih penting.
1,orng jlk udh pasti gagal dalam hal apapun ????
1,aku jelek dan aku bangga
1,parah ege
1,Semuanya menggunakan banyak HADUUUUUH
1,Ytim Krikil
1,Kang melet
1,gak boleh gitu bang
1,lucu?
1,kabur
1,Jan Gitubwoy
1,paling sempurna dah yg punya akun
1,buat tmn2 klo punya jerawat jgn sering dipencetin ya ntar jadi bopeng?? klo udh terlanjur bopeng semuka perawatanya mahal
1,Berdamage 0%
1,Buset yng komen pada bawa fisik
1,bang muka lu mirip ama mikey
1,"makanya kalo jerawatan jgn di pencet, malah bopeng anjir"
1,Tapi kayaknya ini udah parah bgt bopengnya
1,"nih yang pada ngatain dia ati"" loh kena karma kaya temen gua ngatain gua jerawatan eh malah dia yang jerawatan trs akunya yg sembuh wkwk"
1,ganteng
1,ini cwo paling ganteng sedunia sampai akhirat??????
1,omong kosong
1,ya menikah dengan Lu
1,bopeng
1,pp nya mirip rendot
1,belom pernah digebukin bang
1,mandi 3 kali sehari bang biar nambah cakep
1,setidak nya klo ga good looking ya good attitude bang
1,Pend dari mencicipi
1,komenannya? miris
1,Gua ada Amplas kasar nih bang
1,jan bawa fisik dong
1,gawat dia sudah beli kuota
1,lu ngapain bang?
1,iya bang keren tapi janji ya ini video terakhir
1,boleh nih buat nakutin anak kalo gamau bangun saur
1,Saudara tidak malu pada pria yang sama begitu banyak pria
-1,Pukulin Rame2
-1,Tempat sampah aneh ini adalah keajaiban seseorang
-1,geli bang buset dah
-1,Tubuhnya bulat
-1,napasnya pasti bau ta*
-1,kalo belom di pukul ga bakal jera ni orang
-1,janda pirang? janda gendats kali??
-1,elu yang ga nyambung goblokkkkkk
-1,urusin jerawat lu dulu anj
-1,bopengnya parah bgt
-1,udah tahun 2023 tuh muka blom diberesin juga
-1,Wajah Bang Kok adalah sama
-1,Dagu'a Thin Kyk Needle
-1,cakep sih sayang aja tembem.. pipinya masa yang lain
-1,masih layak di katain nih orang
-1,muka nya template y pasaran
-1,ga kuat sama suaranya
-1,suara pick me ?? help sakit telinga gw
-1,pikmi girl cabang klaten lewat nich
-1,suaranya dibuat2 bgt lol
-1,suaranya sangat sangat menusuk gendang telingaa
-1,e jontor amat wkwk
1,pengen ketawa liatnya wkwk setidak nya menghibur lah
1,udah tabiatnya orang arab kea gitu wkwkkwkw
1,balikin waktu gue yang berharga
-1,Jangan memposting VT sebelum mandi
-1,Si Wonyong Parat WKWKKWKWKWKWK
-1,makan stroberi aja dua tangan heh pikmiii pikmiii
-1,eh si pikmi keliatan lg
-1,yang pikmi aja heran ada yang lebih dari dia
1,bocahnya kocak juga
-1,mulutnya minta di cabein
1,tengil anjing
-1,si anj bpcah tengil bat kont
1,bosen idup bilang aja bro
-1,Rasanya seperti Pengen di Anjim
-1,"menendang tua """
-1,cakep nya pas make masker doang wkwkw
-1,buka masker langsung zonk
1,jadi model masker aja bisa tuh mas
1,kacauu bisa salah sasaran nih
1,mas mending pake masker aja ??
-1,cakep kok guys.. tp boong
1,gakenal dan ga mau tau
1,ga peduli SM nih orang
-1,kok mirip opet
-1,mirip monyet ragunan kak
-1,kucingnya mirip monyet..
1,Ihh anehhhhhhhh
-1,wah ada triplek bergoyang
-1,kurus bangett mau dilirik siapasi
1,sblm ngatain ORG ngaca dulu ka emg yakin lebih cakep?
-1,gemuk ai sia
-1,gentong berjalan tu wkw
1,Buset
-1,Sepertinya kentut poh
-1,pantes bandel soalnya anak yteam
-1,sadar gasih mukanya udah keriput
-1,duit banyak tp perawatan sulit
1,mba drpd dugem trs mending duitnya dipake perawatan dah
-1,CIE Pilih aku kaka nya
1,Syap paling nakallll bos
-1,baru nakal jd norak ni org
-1,iya dah yg lain cupu lu doang yg si paling bandel
-1,norak abisss hahaha
1,Apakah ibunya terlihat seperti perilaku putranya?
-1,anak baru bandel gini nih.. NORAK
-1,gaya nya selangit tp rumahnya jelek
-1,aduh mba mending benerin tuh plafon lu udh rembes
-1,hp doang iphone tp rumah mau ambruk
-1,gaya nya hedon tp dompet kosong haha
1,Gaji minimal untuk hutang dlu mas
-1,jadi pelayan aja gaya lu selangit bang
-1,buset dugem tiap hari pdhl kerja nya babu
-1,gaya nya sosialita uang nya gada lol
-1,tiap hari mabok tuh.. bapak lu masih genjot becak
-1,ngaku nya old money pdhl muka nya no money
-1,kurus bgt badannya udh kyk ga pernah makan enak
-1,"GAYA nya selangit,, tp utang nye sono sini ??"
-1,Muka Lu Gapantes Naek Mobil Bang ??
-1,SBNR adalah aksi kue Anda ?????
-1,"Rambutnya sangat rambut, janda? ??"
-1,Saus Saus Kue Rambutnya
-1,bjir jalannya kek hewan ??
-1,itu MUKA ap aspal?? dekil amat ??
-1,MINIMAL cuci muka lah blog! bikin sakit mata liatnya
-1,Ih kaki gerobak
-1,njs keteknya item bgt
-1,"Hands Ko Buntung ,, Hey Maid"
-1,yg begini udh cocok jd tumbal proyek ??
-1,ih idungnya kaya tapir ??????
-1,Mengejutkan kue wajahnya ??
-1,gigi kuning mata kuning ?? mabok tai ni org
-1,dia yg nyanyi gw yg malu ??
-1,buset suaranya kek knalpot rusak bjir ????
-1,banyak gaya luh rumah sepetak aja ????
-1,hari hari ketemu gembel
-1,apa cmn gw yg ngerasa mas nya mirip kerbau sawah?
-1,Lu Face Cake Copet of Brother
-1,buset tangannya cacat bjir
-1,si BUNTUNG bwa motor ??
-1,ni org mirip muka muka kriminal
-1,cowo ko pake crop top dunia makin aneh
1,Hari ini sekarang salah diizinkan
-1,masker nya di pasang kaka biar cakep hehe
-1,layak mendapatkan penghinaan terhadap orang
-1,Ini sudah lama sekali
-1,ga ada yg lain apa bosen liatnya anj
-1,stop munculin ni org gw gedek tai
-1,yg dibahas ini lagiii ini lg ga bosen cok
-1,"bg gosah sok tau bikin vt bwt seru""an aj sok serius amat"
1,dikit lagi lucu ka
-1,kerjaannya banyak bacot
-1,Akun Mending Bat Sobring Dry Bat
-1,Caper Lu Tong
-1,lariii ada pikmi?? jheysen uwuw
1,Jaileen Huwuwww ????????????
-1,definisi pikmi di dunia nyata
1,Apasi Nek
1,dibahas mulu
-1,perasaan di ive pikme semua anjir ??
1,mulai
1,"dia masuk ke lab gue, di lempar labu ukur ama pembimbing gue??"
1,AAAAAA JASON HUWUW HUWU ????
-1,"ternyata emang ada makhluk seperti ini, kukira cuma mitos"
1,tmn tmnnya pasti udah sangat amat tertekan
-1,serasa pengen ngumpul kekuatan terus lari Dari lapangan Sekencang harapan terus Di Ulti tuh sampe ulti infinitey??????
1,"kesabaran saya yang 0% sangat diuji, bisa"" seisi kebun gue absen"
-1,Pikmi anjirrr
1,itu konsep bajunya gimane sih
-1,Gabisa kalo soal cabe cabean??
-1,Virus Aduhh Tiktok
-1,ga herman namanya aja ica
-1,Kayyak Opet
-1,ga bisa kalo soal curut
-1,paling gabisa kl soal badak bercula 1
-1,yg namanya ica emang wallahu alam semua deh(:
-1,Sprti Tante pikmi
-1,Geli Pikmi
-1,wkwkwkwk muka pikmi emang keliatan
-1,tompelnya ko di ttpin mlu si
-1,Nama yang layak nama ICA
-1,Masi School Well Widows
-1,Masih bocor sudah digunakan di sana -sini
-1,aku sebut dia burik dan pemberani
-1,Diem Lu Boti
-1,lagu bosan apa yang aku save ni huhuhuhuhuhuhuhuhuhuuuuuuuuuuuuuu
-1,kita lanjutkan saja diam ini hingga kau dan aku mengerti tidak semua kebersamaan harus melibatkan hati
-1,Saya tidak begitu mengerti jenis orang Malaysia yang tidak ingin kembali ke selang yang saya inginkan
-1,Kisahnya seperti mamat ini hari ini yang saya lihat masuk dan keluar dari hari itu tetapi hari ini saya melihat wajahnya yang asam
-1,Aku aja capek sama diriku sendiri apalagi kamu Maaf ya '
-1,"Saya mencoba berlatih kematian saya, tetapi sayangnya saya gagal karena saya agak sedih dan mudah dimaafkan"
-1,Komitmen Esscontinent Hilstream Bersama Tetapi Bukan Upaya Untuk Menikah dengan Baik Meninggalkan Buang -buang Waktu
-1,Anda jahat dubu lt
-1,Saya ingin menanyakan apa yang Anda rasakan ketika Anda menyimpan uang di dana dan kemudian makan uang itu
-1,Kalo gebetan kamu ngga pernah buang ludah di jalan pacarin
-1,Jangan dekat dengan aku Aku tengah susah Nanti aku senang aku panggil
-1,Punggung miskin dengan pria dan gadis lain pergi seperti dia tidak boleh memberi perhatian sampai GF -nya membuat pria tidak
-1,idm hallo ami tolobg bantu ya huhu ini aku masalah album ku yg ga sampe sampe
-1,"Ya Tuhan, Tuhanku, kamu melindungi kedua orang tuaku ketika aku menjauh dari mereka"
-1,Makan tido makan tido hari ini aku hancur di rumah di depannya
-1,Makanya tadi aku kaget lihat teman kabar nya udah menikah Dalam hati kamu kapan taarufnya kok sampai ga tercium kabarnya
-1,Pacar kamu sibuk ya kok tumben komen wassap story aku
-1,Kucin datang di bawah meja meminta makanan Anda untuk apa tidak ada skeptis.
-1,Lepaskan dia tidak ingin kamu tidak
-1,Bantuan sebelum Anda ingin mengacaukan orang yang saya cintai pertama -tama Anda pikirkan bagaimana perasaan Anda ketika seseorang mengacaukan hati Anda
-1,Biasanya wanita itu harus menjaga malaikat wajah dan kadang -kadang temperamen iblis yang tidak pernah saya hindari
-1,Saya benci pertanyaan tentang alan dengan amelia dh la tidak ada uang untuk meminjam danau cb tul pasta saya harus mendapatkan saya
-1,"24 8 18 Ulang Tahun Saudaraku, dia memintaku untuk makan aku minus karena dia lambat untuk kembali ke Ot 26 8 18 dia bertanya"
-1,Kamu ga laku laku unn
-1,Saya mencoba melupakan hal itu tetapi akhirnya itu membuat saya sedih sehingga Tuhan akan kehilangan kekecewaan
-1,"Ya, Dongta Donghae, I Sings I Knump"
-1,Saya juga memiliki kue 2x untuk hasil gratis
-1,Ku kira aku introvert ternyata karna nga punya uang aja jadi males ke mana mana
-1,Ini yang buat aku semakin yakin Indonesia akan damai jika di pimpin beliau
-1,Saya sangat ingin makan banyak orang ingin bahagia2
-1,"Jika Anda berisik tidak ada yang salah begitu Anda diam semuanya salah, dia sudah memiliki seseorang"
-1,Aku nk walk in ajelah senang
-1,Gipewei lagi sedih nih aku seokjin Rt fllw rep pict seokjin tag klo mau doain aku juga gpp ga juga gpp
-1,YANG APA KAMU MENGABULKAN DOA KU UNTUK KLOSDONECEPATNYA OKEY KALO ITU MAU KAMU
-1,Kamu juga kan
-1,X de man benar -benar meminjam buku saya
-1,Lhaa kaann saya adalah jalan yang rendah dari waktu jahat saya banyak dan mengatakan tidak ada yang tahu cinta keberuntungan
-1,GIVE AWAY TIME Untuk merayakan ulang tahun namjoon dan ulang tahun aku aku adain give away photocard dan juga album Lov
-1,Bro imak video ini Ribka Tjiptaning penulis buku Aku Bangga Jadi Anak PKI Dia setuju PKI harus tetap ada yang pasti d
-1,Kamu adalah yang ia inginkan untuk menjadi tempat persinggahan terakhir ebesar itu harapannya kepadamu Jangan mengecew
-1,Aku dulu lahir di Jogja Jogja dijuluki kota berhati nyaman Pantes aja aku langsung pake hati kalo udah nyaman dikit
-1,Setidaknya kembali meminta maaf oke daripada menghilang dari radar masa tinggal saya tanpa pesan yang Anda ingat mudah untuk bertahan
-1,Bagaimana saya bisa tidur jika Anda masih berpikir orang yang kita cintai tidak apa -apa untuk tidur saat dia membutuhkan saya untuk tidak melakukannya
-1,karena aku kepo 11 13 20
-1,Saya sangat ingin meminta bantuan Anda untuk menemukan haji loqman bin haji azli ni mugkin Anda tidak tahu selain mugkin
-1,Her miss kan taman safari jauh yo di pasuruan Aku males nganterno Andrew kesana Kalo taman safarinya tak undang ke ru
-1,Berarti aku bener dong jawab cowok dapet 2jt nggak nih
-1,Tls followan ama aku yukk rep rt kita temenan
-1,14 modal nomad 15 ribuan dan sekotak popcorn modus mesum dilancarkan pertama tama kamu merasa aneh lama lama kamu izinkan maksiat
-1,12 y o niece Bang long dekat U belajar apa Me Islamic accounting 12 y o niece Ohh kira tasbih laa ni Hahahahahan
-1,Saat itu di sekolah guru semua jenis eh jangan bercinta sekarang di uni lagi tampan tampan yang Anda lihat sekarang
-1,apa ini
-1,Jika layanan mahal bagus untuk saya streamyx di rumah
-1,Saya pikir ini adalah viviana ketika saya berbicara tentang konten saya tidak pernah berpikir y komunitas ki
-1,Setelah menonton film Recall Time bekerja magang dengan kontraktor sebagai kuantitas
-1,Ya Allah pengen ngakak goler2 aku sama trit iniiii
-1,Tolong biarkan saya tertawa terbahak -bahak
-1,Saya tidak tahu harus berkata apa sekarang bahwa saya orang yang menyakitkan sehingga orang lain tidak menilai saya
-1,Pasti dia masih babi yang sepertinya tidak ingin aku menikahi kita.
-1,Bisaan aja kamu naruto padahal emang pengen nyium tp mukaku yg disalahin gt lt
-1,Dalam ekonomi ini anak laki -laki Anda delusional
-1,wah pas nonton berita ada yang dilamar pas wisuda jadi ingin aku tuh tapi yang nak melamar pon siape
-1,Izinkan aku mengupload ini
-1,Aku merasa seperti aku tidak bisa melakukan apapun tanpa ELFungmin
-1,Bersyukurlah sampai Anda lupa kurangnya
-1,life skang aku simplekan je aku tak suka aku tak layan itu je penat nk jaga hati org je pikir diri sendiri dlu
-1,bayangkan kalau posisi kamu lg di bwah dan orng lain melihat kita rendah karna materi yang kita punya
-1,Hidup ini adalah pilihan yang harus kamu pilih
-1,GIVEAWAY FOREPTEMBER BOYS' BDAY RULES Follow aku love video project ini Reply mau hadiah nomer brp Ucapi
-1,Tiap salam buat suami aku exo di korea paaak
-1,"Pijat ini adalah yang paling lega dari pinggang saya, saya mendengar suara RM 60 Jeans A Hakim 60 12 terbaik"
-1,Setidaknya RM100 jika anak malang Anda memberitahu Anda untuk meminta amal jika Anda tidak punya cukup
-1,mau beli barang di shupe harganya sepuluh ribu tp ongkirnya 25ribu KESEL BANGET DEH WHERES THE JUSTICE THO aku jadi kayak be
-1,7 00 p m itu pagi apa malam ya Pagiudah pernah coba trik pancing memancing kayak gitu B
-1,sayang sekali lagi itu menyakitkan jadi saya harus selalu memiliki sayangku
-1,Inilah yang ingin saya coba
-1,Kalau jadi atasan gausah sombong2 deh menindas karyawan Apa kamu langsung jadi milyuner melarang orang ga masuk karena ada
-1,Aku ngatau nih bang Definisi berhasil apa nga
-1,"Saya bukan siswa yang cerdas dan pintar di dekat Anda, tetapi saya pikir 7 keterampilan bertahan hidup penting bagi Anda untuk menghadapi dunia"
-1,Okaay nggapapaa Aku minta doyoung ajaa Makasih yaa
-1,Waw beliin buat aku dong
-1,Saya menerima pernikahannya dengan mas kawin pembacaan al fatihah calon istri kami akan menikah dengan saya untuk memberi al gemuk
-1,Sahabat selalu dikenal karena saya bahkan tidak bisa menceritakan kisah bahwa saya sedih mengirim lagu ini
-1,Amen Ustazah Saya sakit kepala untuk Anda menuliskan apa yang Anda terlambat ketika saya memberi tahu Anda untuk mengirim buku
-1,Aku tak tahu kenapa bila time gaduh je english aku automatic power Aku rasa time exam nanti kena gaduh dulu before jawab
-1,Td mikirnya gtu Pngn ngegas jg tp apalah aku ini hanya orng kecil tidak pnya pengaruh Jd ngegasnya sia2 kwkwkwk
-1,Saya ingin membalas email yang terlambat bagi saya untuk menyelesaikan bulan ini
-1,Saya menemukan ayat yang berguna untuk menggunakan waktu ketika Anda berada di tengah menyerah dengan sabar dibagi menjadi dua yaitu kesabaran da
-1,Semoga kamu jadi salah satu dari 3ahabat yang beruntung dapetin pulsa 50k ya Jangan lupa like dan ajak 3 teman kamu unt
-1,Jika saya ratu Anda sehingga
-1,Saya baru saja mengubah ban depan myvi sepasang RM 450 per malam
-1,Aku beria sekalipun bukannya kau nak appreciate
1,Doa Restenance bukanlah untuk memecahkan haa zaa larizquna maa lahu min na fad sebenarnya ini adalah hadiah kami untuk Anda
1,Makasih loh ntar kita bagi hasil aku 99 9 sisanya buat kamu
1,Barusan liat tulisan di belakang truk rela injek kopling demi kamu bisa shopping
1,Ya aku akan menjadi satu satunya bukan nomor satu tetapi satu satunya
1,Her itu lho miss Kevin sama Keven rebutan gimbot Ya wis aku beli 2 ae sambil nunjuk the twins yg asik main iPad masin
1,Iya rep gatau aku masih kelas 4 sd ehh di block
1,Aku mohon tepatilah janjimu
1,Bukan untuk menikah saat gatal retak tetapi lelah ketika saya kembali kepada saya bahwa saya masih lajang dan tidak bekerja
1,Saya ingat habanero yang paling pedas tampaknya 10 kali lebih pedas gila
1,Saya menonton drama cinta bukanlah kristal dan percakapan anak -anak dengan ayah saya sekarang semua gadis n
1,I dont know why But these zikir sangat membantu Aku pon dapat hasil dari orang retweet ambil usaha sambil doa Insha Alla
1,"Anda sama seperti saya, saya lebih suka"
1,YG aku butuh interaksi dari 95l 99l yuk yg line segitu kuy mutualan nanti ku follow tapi auto followback ok rt aja
1,kau dah tak streak dengan aku pun
1,yg selama ini nunggun video dari aku nih retweet yg mau full
1,mau bantu aku nabung
1,Tidak masalah jika saya seorang pacar karena saya punya teman tetapi jika Anda ingin mengeluh tentang hal itu
1,tinggi
1,Nanti malam ada undangan opening di hungerbelt spazio Temani aku laaaahhh siiisssss
1,Tak peduli seperti apa hidupmu kamu selalu punya pilihan untuk melihat dari sisi baiknya atau sisi buruknya
1,Saya sudah tahu bagaimana mendapatkan pengantin alami hahahahahahahahahaha
1,Saya menambahkannya lagi
1,Bagaimana cara meminta maaf ada 3 1 Saya minta maaf 2 saya akui saya salah 3 apa yang bisa saya lakukan untuk memperbaikinya
1,"Faktanya, banyak pendekatan properti saya adalah untuk bergabung dengan kelas investasi dll"
1,Yuk netweetjen dibantu
1,"Ya Tuhan, Tuhanku, kamu melindungi kedua orang tuaku ketika aku menjauh dari mereka"
1,Dosen saya menyuruh saya menempelkan catatan itu di tempat yang selalu saya lihat saya tidak ingin menempelkan wajah naksir
1,20THN Saya ingin menikah 23 dari Gini 23THN BLI 23THN BLM pada SI 24THN
1,Saya mendengar percakapan anak sekolah saya di level saya dan saya berada di negara bagian
1,Cara outin diri sendiri gimana sih Yang bisa outin aku aku bayar deh g
1,GIVEAWAY Karena hari ini umur aku bertambah jadi aku ingin berbagi rules aja dan ucapkan saya wish dan screenshoo
1,Selamat hari jumat buat kamu yg selalu bikin rindu ini kumat
1,Saya setuju pelacur tidak pernah mengatakan yang sebenarnya mereka hanya menyebutkan mereka terkena saya tidak pernah memukul wanita selain wanita ke wanita kami
1,Turun untuk memperpanjang delist deCelfity memberi Anda uang
1,Mana gampaang Aku nanya dulu tauu
1,tidak ada gf bahkan tidak imajiner gf bahkan bisa lama sekali saya sangat gila
1,HI RAKYAT2 KU KARENA AKHIRNYAUGA POSTELCA AKU MAU GIVE AWAY ALBUM LOVE YOURSELF ANSWEREALED VERSIONNYA PILIHENDIRI E
1,10 tahun jadi sahabat tapi punya sedikit selama 7 bulan saya tidak mengatakan apa -apa tadi malam saya robek
1,THREADo as promised aku nk citer pengalaman aku ambik teh kurus pil kurus It was 2013 2014 mcm tu ince everyone was s
1,Pilih salah satu Yang paling kamu nyaman
1,Saya juga milik saya sendiri
1,aku juga dong mbaknya link kalo Jepang main
1,MINI GIVEAWAY berhubung aku ultah aku mau bagi rezeki pulsa 10k like aja mau mutualan boleh bgt Doain aku yaa Diundi j
1,Mantan kamu yang brengsek itu jangan dilupain justru dijadikan pengingat bahwa kamu pernah salah pilih dan dibego bego
1,Aryana tolong buka mata besar untuk memilih syafiq biarkan sofea bahagia dengan adrian tolong laaaaaaaa obrolan saya
1,Hyung kamu kanibal kan ' '
1,Buatlah cita cita kamu setinggi bintang di langit tetapi jangan lupa untuk membuat anak tangga perencanaannya
1,Tanya saja aku
1,ini tiga aku satu aja gapunya'
1,Hi semuanya Aku adain GIVE away nih Give away nya album BTS yg Love Yourself Answers Yey Cukup follow dan retwee
1,Cantik dapat diakui untuk menghancurkan kesempatan untuk menolaknya sel epidermis bawang tipis jika saya mengaku hmm
1,Aku di rumah aja' adalah anagram dari 'Besok malam minggu'
1,Jumat malam bersama 2 kawan di dalam mobil menuju sebwah apartemen diurabaya barat B gaes sorry ya Aku dan A k
1,Aku ikut donggg
1,cnta kmu ke aku tuh kyk fto albm tau g dbalk2 ttp aj g brbh sma ky km yg g prnh brbh untk mnjdi yg trbaik untk aku
1,Satu gambar dapat mengucapkan ribuan kata yang saya simpan ratu ini
1,Saya sadar bahwa saya akan pergi ke pernikahan dan kemudian banyak orang khawatir tidak bisa duduk kemudian htt
1,Pernah dan abis itu aku ga berani bawa motor selama beberapa hari Dan pas mau bawa motor lagi gemeteran gitu
1,Bagaimana cara meminta maaf ada 3 1 Saya minta maaf 2 saya akui saya salah 3 apa yang bisa saya lakukan untuk memperbaikinya
1,Jadilah seperti aku
1,Selalu ingatkan diri Anda untuk tidak selalu menunjukkan kegembiraan orang -orang frustrasi yang selalu saya ingat
1,Saya berada di kampus untuk bertemu orang -orang yang setiap saat mereka takak Kono Sismei a
1,Temen temen yg ada di Jatinangor dan sekitarnya bisa tolong dibeli ya jualan Bapak ini Beliau jual kain lap keset dsb
1,Hahaa aku juga ga ngerti tadi tp asal jwb aja
1,kelak jika aku menjadi orangtua yang akan kulakukan adalah meyakinkan anakku nak percaya sama ayah tidur siang itu men
1,"Jika kalian pikir itu lucu, jangan ikuti aku, kau ratchet ass locals"
1,aku terhibur HAHAHAHAHAHAHAHAHAHAHAHA
1,Semakin saya merasa seperti saya akan menjadi lebih baik saya lebih baik berhenti
1,Iya Lucu emang dia aku temenan di IG
1,Dear makhluk hidup disekitarku Kalo mau tau tanyain lgsung ke aku aja Gausah lewat orang lain Lumayan kan gak
1,Member aku ade cite kat aku yang dibreak up dgn gf die Time dia cerita suddenly dia menangis weyh 5 tahun bersama kot
1,"Hati saya kecewa, saya sedih saya tahu orang lain tidak tahu"
1,Kenapa begitu populer aku blur x mengerti mksd hg
1,kak mau jugaa
1,Mau mandi diceramahin dulu sama nyonya besar intinya sama TOBAT KAMU ABIS INIIAP KOMANDAN
1,"Kepada suami saya, saya menyarankan untuk tidak meneruskan foto ini kepada istri saya hanya"
1,Saya tidak begitu mengerti pria tidak suka wanita memakai makeup
1,Pencucian
1,Guys Saya menemukan ayat yang berguna untuk menggunakan waktu ketika Anda putus asa untuk dibagi menjadi dua yaitu kesabaran
1,Ada penjual yang memberitahu Anda untuk memegang lubang kecil dan bertahan selama 30 hari saya dh nk selama 3 bulan x hb
1,Untuk nilai baru yang tidak mencari pekerjaan dapat mencoba berlatih ingatan dan semua doa ini berterima kasih kepada Tuhan setelah berlatih ini saya bisa
1,Staf tua suka menemukan saya ketika saya ingin menerjemahkan bahasa Jawa hahah ingat saya seorang putra Jawa
1,Kalau akhlak mereka lebih baik kenapa engga Kalau mereka lebih bisa menghargai melindun
1,Terkadang Tuhan senang mengetahui bahwa sesuatu bukan untuk Anda dengan cara yang menyakitkan
1,Beberapa gadis adalah sampah durjana
1,Masih ingat betapa kami mulai mengenal awal saya tertawa dan akhirnya saya menangis
1,"Jika Anda tidak ingin menjaga saya, saya bisa berhenti berpura -pura, saya bisa menjaga diri saya sendiri tanpa memaksa Anda"
1,Iya hubungin aku aja ya butuh dosa berapa banyak lagi wkwk
1,Buat dong AKU kan juga istrinya daniel
1,Kamu dooooooooooo ploles anjayyy
1,Hihihihi look at the face Lepaskan aku Taknak Kau bau ikan Bagi aku mandikan dulu Namau Nameow
1,Sejauh saya berjalan sampai Dahlia baru saja memperhatikan labcoat dalam isak dinamis
1,Ada yang bertahan karena sayang ada juga karena terpaksa Menurut kamu kapel kamu yang mana
1,Teman -teman hari ini saya ingin merekomendasikan film terbaik2 beberapa dari Anda mungkin tidak pernah menonton film itu lagi
1,Sudah waktunya aku mulai menjalani hidupku sendiri Mello Death Note
1,Jadi saya pergi ke klinik karena saya meludahkan bagan organisasi yang dia buat ingin saya pergi
1,Sepertinya semua orang dalam foto suamiku dengan fotoku sendiri
1,mu gemes banget adminnya Aku ga jadi marah
1,Siang Happy Friday sholat jum'at nya jangan lupa ya aku habis ada kegiatan terus nanti ada latihan bareng Team J s
1,Teman saya untuk tips diet untuk liburan yang baru saja dia makan untuk diet dan ketika dia naik hari itu dia kurus
1,GT Tuhan Yesus berkata 'Aku bisa menggantikan frustrasi di hatimu dengan damai
1,Saya berdoa agar pria yang bekerja untuk uang untuk pasangan mereka diberi kesehatan dan diberkati dengan rezeki emo
1,Keluar airmata jantan aku baca
1,Siapa dapat first impression macam niumpah aku ingat kau dulu sombong gila Orang pun cakap kau macam sombong Aku p
1,aku tadi nge rt wah wah wah
1,Pertama kali mandi kelinci saya punya yang ini setelah mengenakan pengering rambut yang mengalahkan rambut Rosmah
1,Sebenarnya tidak ada karakteristik ketika dia mencintai seseorang dia gelap bahkan jika kita mencintainya putih kita mencintainya
1,Di antara ayat curang terbesar 1 mid -midfield 2 otw 3 tidak belajar 4 tidak ada kredit 5 untuk menghasilkan uang
1,Di Instagram Facebok Twitter sangat indah di depan bagian depan tidak ada yang indah untuk memberi tahu saya apa yang harus dilakukan
1,Segitu kangennya ya mba sama aku
1,Kamu jangan lupa sholat dzuhurnya
1,Laa haha ??maaf2 saya mengerti
1,receeehh ah kamu
1,Masalah pinjaman yang lebih ringan meminjam lebih ringan jap ok ringan untuk berdiri dengan satu pompa di sini karena mereka ingin mengatakan
1,Tidur untuk tidak membuka kipas atau udara BCS yang takut pada kucing keren akan bangun kira -kira setiap 2 jam hanya karena dia menangis
1,"Jika kucing bisa menjadi femes lagi, saya akan melakukannya"
1,aku masih butuh selang waktu untuk mengerjakan visualnya biar mampus kalian menunggu sampai 3 kali rasain p
1,Kok gitu sama aku
1,kukira aku introvert ternyata juga pedopil
1,Sekarang seseorang adalah pelacur jika mereka memposting gambar toilet apa yang terjadi pada negara ini
1,OMG Anda tidak membuatkan saya kfc ppagi cmni
1,Ada yg mau serius tapi aku nya masih raguuu Gmn donggg Yaudah jangan dikasih harapan dianya kasiaan
1,Tomorrow I Will Date With Yesterday's You movie Aku download sebab katanya sedih K start movie sampai ending duk fikir t
1,I liked a video Aku tanya pak Jokowi pakai bahasa JAWA
1,Sama aku kapan
1,Aku main ww deg degan mulu wkwkwk id kamu apaa
1,KAYAK WOOJIN KESRINGAN BARENGIH DASAR ANAK KEMBAR
1,Aku jual
1,"Jika hewan ini benar -benar sensitif, apa yang salah dengan kucing yang Anda masukkan ke dalam pengering sampai Anda mati dia"
1,dulu waktu kecil aku bercita cita ingin menjadi seorang pengkhianat
1,le makan samyang yuk aku udh lama ga makan samyang udh lama juga ga disayang
1,Saya dulu malas menjemput karena saya malu meminta uang kepada orang -orang
1,rama gak usah ganggu aku sama karya ya tolong
1,jangan begadang jangan minum2an soda jangan kau pilih dia pilihlah aku yang mampu mencintamu lebih dari dia
1,Pergi ke toko membawa teman saudara perempuan saya untuk menanyakan wajah anak Anda hahaha wajah saya seperti orang yang sudah menikah
1,Aku suka mie sedap kalau di tumis ulang Pake bawang merah bawang putih telor daun bawang irisan ca
1,Kamu sudah shalat jum'at belum
1,Jujur saya tidak melihat bedanya
1,rlt mutualan yu yang gamasalah aku suka rt in ga sama twt receh Rt ya dn aku ada tapi follback kalo ngga maapin ak
1,Ina saja masih WDTV
1,hallo td aku berselancar di twt ttg belanja di gmarket gitu trs nemu km pernah beli album di gmarket
1,Itu bisa menjadi mantel jika saya ingin membuat cerita insta Takyah berteriak bingit di telingaku dan bahkan orang sudah dgr
1,Orang selalu mengatakan saya lelah saat dia benar -benar sedih
1,Saya suka wanita yang sulit ditemukan tetapi sulit ditemukan
1,Kakak saya yang berusia 5 tahun pergi ke kamar pasta untuk roti adalah roti adalah kematian yang lebih baik
1,Saya ingin melakukannya
1,Pipi nya cubit pipi kamu emang mau nya di cium dmn
1,Aku harap dia tak jual fhone 8 dia semata nak beli Xs tu
1,"Yang terbaik adalah melihat ikan datang, saya dulu berada di dekat pulau untuk makan roti tetapi salah ikan di sini"
1,Kalo aku bacanya sih emang kamu yang ngetik ga jelas wkwkwk
1,Aku penggemar mie burung dara Enaknya nyambung terus
1,Berapa jauh lebih banyak dari banyak uang tanpa peta segalanya
1,Kalen Kalen Pada Jahad Ma Aku
1,Weyhh tolong mengerti bahwa saya sakit Anda tidak kembali kepada saya dari klinik
1,Lebih baik aku seperti kopi yang dibiarkan membasi daripada kau sapa tapi sekedar basa basi
1,GIVEAWAY Pulsa 20K untuk 1 orang pemenang caranya retweet dan follow akun aku aja ya Pemenang aku umumin tangga
1,Ni kalau suami aku panggil sayang macam ni we're gonna make babies right after
